{
  "epoch": [
    1,
    2,
    3,
    4,
    5,
    6,
    7,
    8,
    9,
    10,
    11,
    12,
    13,
    14,
    15,
    16,
    17,
    18,
    19,
    20,
    21,
    22,
    23,
    24,
    25,
    26,
    27,
    28,
    29,
    30,
    31,
    32,
    33,
    34,
    35,
    36,
    37
  ],
  "train_loss": [
    1.072566081135316,
    0.9788714297258387,
    0.9208088809508863,
    0.885650245113667,
    0.85800482917942,
    0.7840250574054461,
    0.752869368944465,
    0.7566672115113455,
    0.7085620782198956,
    0.6831180820530464,
    0.7001203216678311,
    0.6922422894339192,
    0.6512647227061472,
    0.6371056075199643,
    0.6094180576905494,
    0.5961770052502612,
    0.5939328980868083,
    0.6349938403058482,
    0.606066614823558,
    0.584974421216433,
    0.6024073710001663,
    0.5866464789136414,
    0.6640692234413857,
    0.5507417156232558,
    0.5990557120003656,
    0.5408387619813692,
    0.5628960905024679,
    0.4925742126879982,
    0.5041104358320609,
    0.507747677352489,
    0.5214233015884981,
    0.49113986489432976,
    0.4664944097403968,
    0.47371035662762473,
    0.44208385766625097,
    0.4948551690908746,
    0.44087068789756423
  ],
  "train_acc": [
    0.43530419880034277,
    0.583547557840617,
    0.6532419308768923,
    0.6489574407312196,
    0.6798057697800628,
    0.7132247929163096,
    0.6935161382462154,
    0.7257926306769494,
    0.7452156526706655,
    0.6635247072265067,
    0.7077977720651243,
    0.7429305912596401,
    0.7537846329620108,
    0.7594972864895744,
    0.7383604684375893,
    0.7366466723793202,
    0.7446443873179092,
    0.7886318194801485,
    0.7880605541273922,
    0.7614967152242217,
    0.7746358183376179,
    0.7857754927163667,
    0.7192230791202514,
    0.8083404741502428,
    0.8240502713510426,
    0.8229077406455299,
    0.8246215367037989,
    0.8106255355612683,
    0.8154812910596972,
    0.8074835761211082,
    0.794344473007712,
    0.8411882319337333,
    0.8306198229077406,
    0.8411882319337333,
    0.8211939445872608,
    0.8526135389888603,
    0.8603256212510711
  ],
  "train_macro_f1": [
    0.34476874080466935,
    0.4515050864218995,
    0.5205015019741929,
    0.5727421389591377,
    0.6017128037410289,
    0.6495798331947437,
    0.6620561328694565,
    0.6764719562227574,
    0.6969785659560804,
    0.6167361205778802,
    0.6678650790063335,
    0.6963516068115178,
    0.715719510373973,
    0.7228755413959687,
    0.7103236258850104,
    0.7150955616969333,
    0.7097472425984321,
    0.7491476443063215,
    0.7562999215906374,
    0.7368156740248514,
    0.7404574016255694,
    0.7587458663533452,
    0.7068495682426758,
    0.7772436651695923,
    0.7905442950651095,
    0.7963023391445508,
    0.7948991734873475,
    0.7883982637100809,
    0.7969105327593242,
    0.7947613690266957,
    0.7781801180403226,
    0.8189824106800035,
    0.8147805670717542,
    0.8236428333853231,
    0.8075195835967968,
    0.8364097919130581,
    0.8382961073072246
  ],
  "val_loss": [
    1.0461319773714133,
    0.9435184081009677,
    0.991334663046988,
    0.8965600701983307,
    0.8009597207736043,
    0.7874857258642376,
    0.9388898354517989,
    0.6948070512620377,
    0.6814439651649746,
    0.7095753876522521,
    0.8081067044372312,
    0.9169741317292247,
    0.8363640640160027,
    0.6543294949438966,
    0.64174067260378,
    0.6522883255890658,
    0.6947599846182517,
    0.6191770278134392,
    0.6744953563684013,
    0.6629671562450989,
    1.0279992058824954,
    0.891250932679593,
    0.7153350433099617,
    0.6527386861325853,
    0.6384060105073799,
    1.1807603193718252,
    0.6543829238530502,
    0.7765073274717362,
    0.8591658287835353,
    0.6709827960116191,
    0.6778037578928432,
    0.6200192645915503,
    0.6874056869340175,
    0.6674201573368801,
    0.6936663668904104,
    0.6428996800990552,
    0.7012839128284393
  ],
  "val_acc": [
    0.42718446601941745,
    0.56957928802589,
    0.6666666666666666,
    0.6407766990291263,
    0.6666666666666666,
    0.7071197411003236,
    0.6990291262135923,
    0.7071197411003236,
    0.7200647249190939,
    0.6343042071197411,
    0.6537216828478964,
    0.7200647249190939,
    0.7216828478964401,
    0.7200647249190939,
    0.6925566343042071,
    0.6957928802588996,
    0.6812297734627831,
    0.7330097087378641,
    0.7249190938511327,
    0.7152103559870551,
    0.7038834951456311,
    0.7216828478964401,
    0.6440129449838188,
    0.7313915857605178,
    0.7718446601941747,
    0.7491909385113269,
    0.7556634304207119,
    0.7281553398058253,
    0.7216828478964401,
    0.7006472491909385,
    0.686084142394822,
    0.7459546925566343,
    0.7184466019417476,
    0.7427184466019418,
    0.6957928802588996,
    0.7475728155339806,
    0.7588996763754046
  ],
  "val_macro_f1": [
    0.33644543454670034,
    0.4279756545529052,
    0.5368996031254255,
    0.5644133727515983,
    0.5887835887835887,
    0.6433932268559598,
    0.6686868686868687,
    0.659984490738304,
    0.6723043794437408,
    0.5865045147645002,
    0.6135765723444001,
    0.6722066242431021,
    0.683087652010505,
    0.6803487814097043,
    0.6568514529436427,
    0.6736683521941919,
    0.6396248247025023,
    0.6850063841805706,
    0.6874408732417977,
    0.6897622823768003,
    0.6656551738753816,
    0.6912449771785285,
    0.6328768182067507,
    0.6904858335502134,
    0.7202215674334713,
    0.7053896355980963,
    0.7043999814530353,
    0.6916652012848469,
    0.6915412091794503,
    0.6765565407690547,
    0.6666561522142668,
    0.7067320646395804,
    0.689615203438733,
    0.704489497405885,
    0.6697391016680787,
    0.7094295836272729,
    0.7138086866409221
  ]
}