{
  "epoch": [
    1,
    2,
    3,
    4,
    5,
    6,
    7,
    8,
    9,
    10,
    11,
    12,
    13,
    14,
    15,
    16,
    17,
    18,
    19,
    20,
    21,
    22,
    23,
    24,
    25,
    26,
    27,
    28,
    29,
    30,
    31,
    32,
    33,
    34,
    35,
    36,
    37,
    38,
    39,
    40
  ],
  "train_loss": [
    0.5748898279335763,
    1.1806619314764677,
    1.1067350881503535,
    1.0692612470575347,
    1.0548967674642724,
    1.0367038359951204,
    1.0104581321930415,
    0.9904256886803944,
    0.9671381765758947,
    0.9407726268841858,
    0.8856072626226937,
    0.8784924951222106,
    0.9350398609516315,
    0.9005148005771555,
    0.8779617527048099,
    0.886443381682698,
    0.8824444765092577,
    0.9099218795484081,
    0.8550957939312207,
    0.8770881460517245,
    0.94688499002789,
    0.733675798869957,
    0.833633786387118,
    0.687328169973058,
    0.8298767240549353,
    0.9020121997678257,
    0.7250487707710648,
    0.7924264848181194,
    0.6729974617484092,
    0.7183222503568131,
    0.6693581061784079,
    0.9119080887696158,
    0.7032451637895814,
    0.6359056675733753,
    0.6357445258799365,
    0.6536604502275309,
    0.5877343851714364,
    0.5761127590162691,
    0.7115559924656716,
    0.642817829650186
  ],
  "train_acc": [
    0.12453584690088546,
    0.12453584690088546,
    0.12453584690088546,
    0.12453584690088546,
    0.12453584690088546,
    0.5304198800342759,
    0.601256783776064,
    0.5992573550414168,
    0.6126820908311911,
    0.641530991145387,
    0.652670665524136,
    0.6598114824335904,
    0.6906598114824336,
    0.5604113110539846,
    0.6886603827477863,
    0.7066552413596116,
    0.6529562982005142,
    0.7300771208226221,
    0.7035132819194516,
    0.736361039702942,
    0.6783776063981719,
    0.6378177663524707,
    0.7706369608683233,
    0.7692087974864324,
    0.7432162239360183,
    0.8009140245644102,
    0.7592116538131962,
    0.7569265924021709,
    0.6646672379320194,
    0.8040559840045701,
    0.7983433304770066,
    0.7226506712367895,
    0.7980576978006284,
    0.7994858611825193,
    0.81033990288489,
    0.8114824335904027,
    0.8063410454155956,
    0.8423307626392459,
    0.8377606398171951,
    0.8263353327620679
  ],
  "train_macro_f1": [
    0.07382948099229532,
    0.07382948099229532,
    0.07382948099229532,
    0.07382948099229532,
    0.07382948099229532,
    0.35809014893038293,
    0.40180372977206097,
    0.42096625679356237,
    0.4550219472823595,
    0.5174849535192256,
    0.5193606037008159,
    0.5536930029335821,
    0.5760710797062527,
    0.5017944490197578,
    0.5941408863191654,
    0.601148498674179,
    0.6381555042803747,
    0.6976008787360891,
    0.6775473247365064,
    0.6712406749789798,
    0.6242379725347894,
    0.6054679572976797,
    0.7253811234856825,
    0.7450628345229888,
    0.665865716460923,
    0.7654795809346893,
    0.7371185605391807,
    0.7370842540586323,
    0.6811934009583367,
    0.7788383549594332,
    0.7766914347856456,
    0.6949199219198695,
    0.773555371326408,
    0.7690409685309548,
    0.7893594820465509,
    0.7874613687672478,
    0.7953620550913932,
    0.8218209764916912,
    0.8247430650756199,
    0.8159675092823524
  ],
  "val_loss": [
    1.379643711843151,
    0.9494835439237576,
    1.013186306629366,
    0.9750696150616149,
    0.946621507888473,
    1.0015929362534706,
    1.0671362602980776,
    0.9995810358655491,
    1.0477986304891147,
    1.0430942019598384,
    1.5100909322982468,
    1.2373585890026155,
    0.9628210428463216,
    0.9659926893255857,
    1.513279167965392,
    1.1387572342523864,
    1.1934266508975846,
    1.3674021127926108,
    1.1545978232880627,
    1.4588871040776323,
    0.9582142901266277,
    1.0697309858976445,
    1.5041873777182742,
    1.0082825354773635,
    1.4699785447043507,
    1.7992419833890057,
    1.2352109628587864,
    1.6042032857157267,
    2.256342846598826,
    1.2312077420814909,
    0.949014704782986,
    1.1491613633038542,
    1.0333847143117665,
    1.1463019377205363,
    1.0362561485913966,
    0.7655607747414351,
    1.9628144703250872,
    1.2615396422861462,
    1.114768891851493,
    1.184296791607508
  ],
  "val_acc": [
    0.12459546925566344,
    0.12459546925566344,
    0.12459546925566344,
    0.12459546925566344,
    0.12459546925566344,
    0.5210355987055016,
    0.5776699029126213,
    0.5679611650485437,
    0.5889967637540453,
    0.6148867313915858,
    0.6359223300970874,
    0.6521035598705501,
    0.6521035598705501,
    0.5194174757281553,
    0.6488673139158576,
    0.6877022653721683,
    0.6051779935275081,
    0.6731391585760518,
    0.6423948220064725,
    0.6909385113268608,
    0.6067961165048543,
    0.5841423948220065,
    0.7038834951456311,
    0.6925566343042071,
    0.7006472491909385,
    0.7249190938511327,
    0.6828478964401294,
    0.6828478964401294,
    0.6181229773462783,
    0.7443365695792881,
    0.7249190938511327,
    0.6504854368932039,
    0.7038834951456311,
    0.7168284789644013,
    0.7297734627831716,
    0.7330097087378641,
    0.7055016181229773,
    0.7540453074433657,
    0.7411003236245954,
    0.7135922330097088
  ],
  "val_macro_f1": [
    0.07386091127098321,
    0.07386091127098321,
    0.07386091127098321,
    0.07386091127098321,
    0.07386091127098321,
    0.3509036987297857,
    0.37779480370742263,
    0.38895517635394716,
    0.4234996984735569,
    0.4871536216670342,
    0.5030350070800267,
    0.5478408495085089,
    0.5238346630410378,
    0.45509116448165693,
    0.540173779818911,
    0.5790053578048533,
    0.5765714280231978,
    0.6384274812326325,
    0.6068916647804414,
    0.6157656778558418,
    0.5458387905788026,
    0.5524193730239201,
    0.6515003471753911,
    0.6586008523517565,
    0.6139490520299641,
    0.6597589518122361,
    0.6446345740192075,
    0.6583492739150977,
    0.6093799578147211,
    0.6997439799805979,
    0.6873273158612617,
    0.6170680217250465,
    0.6660962571047425,
    0.6766854960687559,
    0.6912988511653199,
    0.6906093736757352,
    0.675840344333495,
    0.7097494629140199,
    0.6991818173902536,
    0.682871258261588
  ]
}